,mean sdr,mean sir,mean sar
all 80,[-2.59508937 -7.35319029],[29.41075926 23.58703965],[-2.57586097 -7.20213356]
original 20,[-4.63683942 -8.12757878],[27.25287225 24.20049929],[-4.59345903 -8.09628514]
supplementary 60,[-1.86835872 -7.09764452],[30.1190424  23.41799036],[-1.85707417 -6.90408515]
