,mean sdr,mean sir,mean sar
all 80,[13.63860349  4.19242944],[44.89313791 36.19754931],[13.64348697  4.20668856]
original 20,[11.06961069  2.2716013 ],[42.08001051 34.8337137 ],[11.07608156  2.27802438]
supplementary 60,[14.48019612  4.84726579],[45.80842176 36.67597134],[14.48457408  4.86434597]
